10.5|||10.5;10.5: Apocalypse
28 Days Later|||28 Days Later…;28 Weeks Later
Three Men|||Three Men and a Baby;Three Men and a Little Lady
The Addams Family (1964)|The_Addams_Family||The Addams Family (1964);The Addams Family (1973);The Addams Family (1992);The New Addams Family;Addams Family Reunion
The Addams Family (1991)|||The Addams Family (1991);Addams Family Values
The Adventures of Indiana Jones|||Raiders of the Lost Ark;Indiana Jones and the Temple of Doom;Indiana Jones and the Last Crusade;Indiana Jones and the Kingdom of the Crystal Skull;The Young Indiana Jones Chronicles
Airplane!|||Airplane!;Airplane II: The Sequel
Airport|||Airport;Airport 1975;Airport '77;Concorde ... Airport '79
Aladdin|||Aladdin;The Return of Jafar;Aladdin and the King of Thieves|1
Alaric de Marnac|||Horror Rises from the Tomb;Panic Beats|n
Alien Nation|||Alien Nation (1988);Alien Nation (1989);Alien Nation: Dark Horizon;Alien Nation: Body and Soul;Alien Nation: Millennium;Alien Nation: The Enemy Within;Alien Nation: The Udara Legacy
Alien|Alien_(franchise)|179440|Alien;Aliens;Alien³;Alien: Resurrection;Prometheus;The Alien Saga
Predator|Predator_(franchise)|313257|Predator;Predator 2;Predators
Alien vs. Predator|Alien_vs._Predator||Alien vs. Predator;Aliens vs. Predator: Requiem
Almighty|||Bruce Almighty;Evan Almighty
American Chopper|||American Chopper;American Chopper: Senior vs. Junior
American Psycho|||American Psycho;American Psycho 2
Animal Cops|Animal_Cops||Animal Precinct;Animal Cops: Detroit;Animal Cops: Houston;Miami Animal Police;Animal Cops: San Francisco;Animal Cops: Phoenix
Anne of Green Gables|||Anne of Green Gables;Anne of Avonlea;Anne of Green Gables: The Continuing Story;Anne of Green Gables: A New Beginning
The Arrival|||The Arrival;The Second Arrival
Arthur|||Arthur;Arthur 2: On the Rocks
Assume the Position|||Assume the Position with Mr. Wuhl;Assume the Position 201 with Mr. Wuhl
Atlantis|||Atlantis: The Lost Empire;Atlantis: Milo's Return|1
The Avengers|||The Avengers (1961);The New Avengers
Babylon 5|||Babylon 5: The Gathering;Babylon 5;Babylon 5: In the Beginning;Babylon 5: The River of Souls;Babylon 5: Thirdspace;Babylon 5: A Call to Arms;Crusade;Babylon 5: The Legend of the Rangers;Babylon 5: The Lost Tales
Back to the Future||282872|Back to the Future;Back to the Future Part II;Back to the Future Part III
Bad Boys|||Bad Boys;Bad Boys II
Bambi|||Bambi;Bambi II|1
Batman (1966)|||Batman (1966 tv);Batman (1966 film)
Batman (1989)|||Batman (1989);Batman Returns;Batman Forever;Batman & Robin
Batman (2005)|||Batman Begins;The Dark Knight;The Dark Knight Rises
Battlestar Galactica (1978)|||Battlestar Galactica (1978);Galactica 1980;Battlestar Galactica: The Second Coming
Battlestar Galactica (2003)|||Battlestar Galactica (2003);Battlestar Galactica (2004);Battlestar Galactica: The Resistance;Battlestar Galactica: Razor;Caprica
Beauty and the Beast (1991)|||Beauty and the Beast (1991);Beauty and the Beast: The Enchanted Christmas;Belle's Magical World|1
Behind Enemy Lines|||Behind Enemy Lines;Behind Enemy Lines II: Axis of Evil;Behind Enemy Lines: Colombia
Beverly Hills Cop|Beverly_Hills_Cop_(film_series)|282678|Beverly Hills Cop;Beverly Hills Cop II;Beverly Hills Cop III;Beverly Hills Cop IV
Bewitched|||Bewitched (1964);Tabitha
Bionics|||The Six Million Dollar Man (1973);The Six Million Dollar Man (1974);The Bionic Woman;The Return of the Six-Million-Dollar Man and the Bionic Woman;Bionic Showdown: The Six Million Dollar Man and the Bionic Woman;Bionic Ever After?
The Birds|||The Birds;The Birds II: Land's End|n
Black Scorpion|||Black Scorpion (1995);Black Scorpion II: Aftershock;Black Scorpion (2001)
Blade|Blade_(film_series)|287620|Blade;Blade II;Blade: Trinity;Blade: The Series
Blade Runner|||Blade Runner;Total Recall;Soldier;Total Recall 2070
Blair Witch|||The Blair Witch Project;Book of Shadows: Blair Witch 2
Blue Collar Comedy|Blue_Collar_Comedy_Tour||Blue Collar Comedy Tour: The Movie;Blue Collar Comedy Tour Rides Again;Blue Collar Comedy Tour: One for the Road;Blue Collar Comedy: The Next Generation;Blue Collar TV
Bones & The Finder|||Bones;The Finder
The Boogeyman|||The Boogeyman;Revenge of the Boogeyman;Return of the Boogeyman|n
Bridget Jones|||Bridget Jones's Diary;Bridget Jones: The Edge of Reason
Bring It On||426082|Bring It On;Bring It on Again;Bring It On: All or Nothing;Bring It On: In It to Win It
Buffy the Vampire Slayer|||Buffy the Vampire Slayer (1992);Buffy the Vampire Slayer (1997);Angel
Burn Notice|||Burn Notice;Burn Notice: The Fall of Sam Axe
Caddyshack|||Caddyshack;Caddyshack II
Cagney & Lacey|||Cagney & Lacey;Cagney & Lacey: The Return;Cagney & Lacey: The View Through the Glass Ceiling;Cagney & Lacey: Together Again;Cagney & Lacey: True Convictions
Candyman||283164|Candyman;Candyman: Farewell to the Flesh;Candyman: Day of the Dead
The Cannonball Run|||The Cannonball Run;Cannonball Run II;Speed Zone!
Carrie|||Carrie (1976);The Rage: Carrie 2
Casper|||Casper;Casper: A Spirited Beginning;Casper Meets Wendy;Casper's Haunted Christmas;Casper's Scare School|1
Category 6|||Category 6: Day of Destruction;Category 7: The End of the World
Charlie's Angels|||Charlie's Angels (1976);Charlie's Angels (2000);Charlie's Angels: Full Throttle
Chicago|||Chicago Fire;Chicago P.D.
Child's Play|Child's_Play_(franchise)|281486|Child's Play;Child's Play 2;Child's Play 2;Bride of Chucky;Seed of Chucky|n
Children of the Corn|Children_of_the_Corn_(film_series)|281485|Disciples of the Crow;Children of the Corn;Children of the Corn II: The Final Sacrifice;Children of the Corn III;Children of the Corn IV: The Gathering;Children of the Corn V: Fields of Terror;Children of the Corn 666: Isaac's Return;Children of the Corn: Revelation;Slash
CHiPs|||CHiPs;CHiPs '99
The Chronicles of Narnia (2005)|||The Chronicles of Narnia: The Lion, the Witch and the Wardrobe;The Chronicles of Narnia: Prince Caspian;The Chronicles of Narnia: The Voyage of the Dawn Treader;The Chronicles of Narnia: The Silver Chair
The Chronicles of Riddick|The_Chronicles_of_Riddick_(series)|307745|Pitch Black;The Chronicles of Riddick: Dark Fury;The Chronicles of Riddick
Cinderella|||Cinderella;Cinderella II: Dreams Come True;Cinderella III: A Twist in Time|1
Cocoon|||Cocoon;Cocoon: The Return
Conan the Barbarian|||Conan the Barbarian (1982);Conan the Destroyer
Connections|||Connections;Connections²;Connections³
Constantine|||Constantine (2005);Constantine 2
Criminal Minds|||Criminal Minds;Criminal Minds: Suspect Behavior
Critters|Critters_(film_series)||Critters;Critters 2: The Main Course;Critters 3;Critters 4|n
Ctrl|||Ctrl Z;Ctrl
Cube|Cube_(film_series)||Cube;Cube 2: Hypercube;Cube Zero|1
Cyborg|||Cyborg;Cyborg 2;Cyborg 3
Cyborg Cop|||Cyborg Cop;Cyborg Cop II;Cyborg Cop III
Dangerous Minds|||Dangerous Minds (1995);Dangerous Minds (1996)
Danny Ocean||413040|Ocean's Eleven;Ocean's Twelve;Ocean's Thirteen
Daredevil|||Daredevil;Elektra
The Dark Crystal|||The Dark Crystal;The Power of the Dark Crystal
Dark Shadows|||Dark Shadows (1966);House of Dark Shadows;Night of Dark Shadows
Dead Like Me|||Dead Like Me;Dead Like Me: Life After Death
Delos Amusement Park|||Westworld;Futureworld;Beyond Westworld
Dèmoni|||Dèmoni;Dèmoni 2;Dèmoni 3|n
Die Hard||282871|Die Hard;Die Hard 2;Die Hard: With a Vengeance;Live Free or Die Hard
Dinotopia|||Dinotopia (2002 miniseries);Dinotopia (2002 tv)
The Dirty Dozen|||The Dirty Dozen;The Dirty Dozen: Next Mission;The Dirty Dozen: The Deadly Mission;The Dirty Dozen: The Fatal Mission;Dirty Dozen: The Series
Dr. Dolittle||341682|Doctor Dolittle;Dr. Dolittle 2;Dr. Dolittle 3;Dr. Dolittle: Tail to the Chief|1
Doctor Who|||Doctor Who (1963);K-9 and Company;Doctor Who (1996);Downtime;Doctor Who (2005);Music of the Spheres;Torchwood;The Sarah Jane Adventures;K-9
Dollman vs. Demonic Toys|||Dollman;Demonic Toys;Bad Channels;Dollman vs. Demonic Toys;Puppet Master vs Demonic Toys
Dracula (1958)|||Dracula (1958);The Brides of Dracula;Dracula: Prince of Darkness;Dracula Has Risen from the Grave;Taste the Blood of Dracula;Scars of Dracula;Dracula A.D. 1972;The Satanic Rites of Dracula;The Legend of the 7 Golden Vampires
Dracula 2000|||Dracula 2000;Dracula II: Ascension;Dracula III: Legacy
Dragonheart|||Dragonheart;Dragonheart: A New Beginning
Dumbo|||Dumbo;Dumbo's Circus|1
Dune|||Dune (2000);Children of Dune
The Dungeonmaster|||The Dungeonmaster;Pulse Pounders
Dungeons & Dragons|||Dungeons & Dragons (1983);Dungeons & Dragons (2000);Dungeons & Dragons: Wrath of the Dragon God
The Emmy Awards|||The Daytime Emmy Awards;The Primetime Emmy Awards
Epoch|||Epoch;Epoch: Evolution
Escape from|||Escape from L.A.;Escape from New York
The Evil Dead||282677|Within the Woods;Evil Dead (1981);Evil Dead II;Army of Darkness
The Exorcist|||The Exorcist;Exorcist II: The Heretic;The Exorcist III;Exorcist: The Beginning;Dominion: Prequel to the Exorcist|1
The Expendables|||The Expendables;The Expendables 2;The Expendables 3
Fantasia|||Fantasia;Fantasia/2000
Fantastic Four|Fantastic_Four_(film_series)||Fantastic Four;Fantastic Four: Rise of the Silver Surfer;Silver Surfer
Fantasy Island|||Fantasy Island (1977);Fantasy Island (1998)
Farscape|||Farscape;Farscape: The Peacekeeper Wars
Final Destination|Final_Destination|338041|Final Destination;Final Destination 2;Final Destination 3;The Final Destination;Final Destination 5|n
Firefly|||Firefly;Serenity;Done the Impossible
Firestarter|||Firestarter;Firestarter: Rekindled
Fletch|||Fletch;Fletch Lives;Fletch Won
The Fly (1958)|||The Fly (1958);Return of the Fly;Curse of the Fly
The Fly (1986)|||The Fly (1986);The Fly II
The Food of the Gods|||The Food of the Gods;The Food of the Gods II|n
Forever Knight|||Nick Knight;Forever Knight
The Fox and the Hound|||The Fox and the Hound;The Fox and the Hound 2|1
Frankenstein (1957)|||The Curse of Frankenstein;The Revenge of Frankenstein;The Evil of Frankenstein;Frankenstein Created Woman;Frankenstein Must Be Destroyed;The Horror of Frankenstein;Frankenstein and the Monster from Hell
Friday Night Lights|||Friday Night Lights (2004);Friday Night Lights (2006)
Friday the 13th (1980)|||Friday the 13th (1980);Friday the 13th Part 2;Friday the 13th Part III;Friday the 13th: The Final Chapter;Friday the 13th: A New Beginning;Jason Lives: Friday the 13th Part VI;Friday the 13th (1987);Friday the 13th Part VII: The New Blood;Friday the 13th Part VIII: Jason Takes Manhattan;Jason Goes to Hell: The Final Friday;Jason X;Freddy vs. Jason
A Nightmare on Elm Street|||A Nightmare on Elm Street (1984);A Nightmare on Elm Street Part 2: Freddy's Revenge;A Nightmare on Elm Street 3: Dream Warriors;A Nightmare on Elm Street 4: The Dream Master;Freddy's Nightmares;A Nightmare on Elm Street: The Dream Child;Freddy's Dead: The Final Nightmare;Nightmare Café;New Nightmare;Freddy vs. Jason
From Dusk Till Dawn||306442|From Dusk Till Dawn;From Dusk Till Dawn 2: Texas Blood Money;From Dusk Till Dawn 3: The Hangman's Daughter
G.I. Joe|||G.I. Joe: The Rise of Cobra;G.I. Joe: Retaliation
Get Smart (1965)|||Get Smart (1965);The Nude Bomb;Get Smart, Again!;Get Smart (1995)
Get Smart (2008)|||Get Smart (2008);Get Smart's Bruce and Lloyd: Out of Control
Ghost Rider|||Ghost Rider;Ghost Rider: Spirit of Vengeance
Ghostbusters|||Ghostbusters (1984);Ghostbusters II
Ghoulies|Ghoulies|281908|Ghoulies;Ghoulies II;Ghoulies III: Ghoulies Go To College;Ghoulies IV|n
Grease|||Grease;Grease 2
Gremlins|||Gremlins;Gremlins 2: The New Batch|1
Halloween (1978)|||Halloween (1978);Halloween II (1981);Halloween III: Season of the Witch;Halloween 4: The Return of Michael Myers;Halloween 5;Halloween: The Curse of Michael Myers;Halloween H20: 20 Years Later;Halloween: Resurrection;Halloween: 25 Years of Terror
Halloween (2007)|||Halloween (2007);Halloween II (2009)
Hannibal|Hannibal_Lecter_(franchise)||The Silence of the Lambs;Hannibal (2001);Red Dragon;Hannibal Rising|n
Hansel & Gretel: Witch Hunters|||Hansel & Gretel: Witch Hunters;Hansel & Gretel: Witch Hunters 2
Harry Potter|Harry_Potter_(film_series)|286867|Harry Potter and the Sorcerer's Stone;Harry Potter and the Chamber of Secrets;Harry Potter and the Prisoner of Azkaban;Harry Potter and the Goblet of Fire;Harry Potter and the Order of the Phoenix;Harry Potter and the Half-Blood Prince;Harry Potter and the Deathly Hallows: Part 1;Harry Potter and the Deathly Hallows: Part 2
Heavy Metal|||Heavy Metal;Heavy Metal 2000
Hellboy|||Hellboy;Hellboy II: The Golden Army
Hellraiser||283163|Hellraiser (1987);Hellbound: Hellraiser II;Hellraiser III: Hell on Earth;Hellraiser: Bloodline;Hellraiser: Inferno;Hellraiser: Hellseeker;Hellraiser: Deader;Hellraiser: Hellworld
Hercules and Xena|||Hercules and the Amazon Women;Hercules and the Lost Kingdom;Hercules and the Circle of Fire;Hercules in the Underworld;Hercules in the Maze of the Minotaur;Hercules: The Legendary Journeys;Xena: Warrior Princess;Hercules and Xena: The Battle for Mount Olympus;Young Hercules (1998 film);Young Hercules (1998 tv)
Hercules|||Hercules;Hercules (1998);Hercules: Zero to Hero|1
Highlander|Highlander_(franchise)|281484|Highlander (1986);Highlander II: The Quickening;Highlander III: The Sorcerer;Highlander (1992);Highlander: The Raven;Highlander: Endgame;Highlander: The Source
The Hills Have Eyes (1977)|||The Hills Have Eyes (1977);The Hills Have Eyes Part II|n
The Hills Have Eyes (2006)|||The Hills Have Eyes (2006);The Hills Have Eyes 2|n
Hobgoblins|||Hobgoblins;Hobgoblins 2|n
Homicide|||Homicide: Life on the Street;Homicide: The Movie
Hostel|||Hostel;Hostel: Part II;Hostel: Part III|n
Hot Shots!|||Hot Shots!;Hot Shots! Part Deux
House of the Dead|||House of the Dead;House of the Dead 2|n
House on Haunted Hill|||House on Haunted Hill (1999);Return to House on Haunted Hill|n
Howling|||The Howling;Howling II: Your Sister Is a Werewolf;Howling III;Howling IV: The Original Nightmare;Howling V: The Rebirth;Howling VI: The Freaks;Howling: New Moon Rising|n
The Hunchback of Notre Dame|||The Hunchback of Notre Dame;The Hunchback of Notre Dame II|1
The Hunter|||The Hunter;The Huntress
I Know What You Did Last Summer|||I Know What You Did Last Summer;I Still Know What You Did Last Summer;I'll Always Know What You Did Last Summer|n
I Love the|||I Love the '70s;I Love the '70s: Volume 2;I Love the '80s;I Love the '80s Strikes Back;I Love the '80s 3-D;I Love the '90s;I Love the '90s: Part Deux;I Love the New Millennium
I Spy|||I Spy (1965);I Spy Returns
Ice Age|Ice_Age_(film_series)|399927|Ice Age;Ice Age: The Meltdown;Ice Age: Dawn of the Dinosaurs|1
Ice Road Truckers|||Ice Road Truckers;IRT: Deadliest Roads
In the Heat of the Night (1967)|||In the Heat of the Night (1967);They Call Me MISTER Tibbs!;The Organization
In the Heat of the Night (1988)|||In the Heat of the Night (1988);In the Heat of the Night: A Matter of Justice;In the Heat of the Night: Give Me Your Life;In the Heat of the Night: Who Was Geli Bendl?;In the Heat of the Night: By Duty Bound;In the Heat of the Night: Grow Old Along with Me
The Incredible Hulk|||The Incredible Hulk (1978);The Incredible Hulk Returns;The Trial of the Incredible Hulk;The Death of the Incredible Hulk
Interceptor Force|||Interceptor Force;Interceptor Force 2
Jack Ryan|||Patriot Games;Clear and Present Danger
Jaws|Jaws_(franchise)||Jaws;Jaws 2;Jaws 3-D;Jaws: The Revenge|n
Jeepers Creepers|||Jeepers Creepers;Jeepers Creepers II
Jeff Dunham|Jeff_Dunham||Jeff Dunham: Arguing with Myself;Jeff Dunham: Spark of Insanity;Jeff Dunham's Very Special Christmas Special;Jeff Dunham: Controlled Chaos;Jeff Dunham: Minding the Monsters
Journey|||Journey to the Center of the Earth;Journey 2: The Mysterious Island
Ju-on|Ju-on_(franchise)|309709|Ju-on: The Curse;Ju-on: The Curse 2;Ju-on: The Grudge;Ju-on: The Grudge 2;Ju-on: White Ghost;Ju-on: Black Ghost;Ju-on: Beginning of the End|n
The Grudge|The_Grudge_(franchise)||The Grudge;The Grudge 2;The Grudge 3|n
Jumper|||Jumper;Jumper 2
The Jungle Book|||The Jungle Book;The Jungle Book 2|1
Jurassic Park|||Jurassic Park;The Lost World: Jurassic Park;Jurassic Park III;Jurassic World
The Karate Kid||280983|The Karate Kid;The Karate Kid, Part II;The Karate Kid, Part III;The Next Karate Kid
The Karnstein Trilogy|The_Karnstein_Trilogy||The Vampire Lovers;Lust for a Vampire;Twins of Evil
Kill Bill|Kill_Bill||Kill Bill: Vol. 1;Kill Bill: Vol. 2
Knight Rider|||Knight Rider (1982);Code of Vengeance;Knight Rider 2000;Knight Rider 2010;Team Knight Rider;Knight Rider (2008 film);Knight Rider (2008 tv)
Kolchak The Night Stalker|||The Night Stalker;The Night Strangler;Kolchak: The Night Stalker
L.A. Law|||L.A. Law;L.A. Law: The Movie
La Casa|||La Casa 3;La Casa 4; La Casa 5|n
Lady and the Tramp|||Lady and the Tramp;Lady and the Tramp II: Scamp's Adventure|1
Law & Order|Law_&_Order_(franchise)||Law & Order;Exiled;Law & Order: Special Victims Unit;Law & Order: Criminal Intent;Law & Order: Trial by Jury;Conviction;Paris enquêtes criminelles;Law & Order: Special Victims Unit: Russia;Law & Order: UK;Law & Order: Los Angeles
The Lawnmower Man|||The Lawnmower Man;Lawnmower Man 2: Beyond Cyberspace
Leprechaun|Leprechaun_(film_series)|281906|Leprechaun;Leprechaun 2;Leprechaun 3;Leprechaun 4: In Space;Leprechaun: In the Hood;Leprechaun: Back 2 tha Hood;Leprechaun: Origins|n
Lethal Weapon||289855|Lethal Weapon;Lethal Weapon 2;Lethal Weapon 3;Lethal Weapon 4
The Librarian|The_Librarian_(franchise)||The Librarian: Quest for the Spear;The Librarian: Return to King Solomon's Mines;The Librarian: The Curse of the Judas Chalice;The Librarians
Lilo & Stitch|||Lilo & Stitch;Lilo & Stitch: The Series;Stitch! The Movie;Lilo & Stitch 2: Stitch Has a Glitch;Leroy & Stitch|1
The Lion King|||The Lion King;Timon and Pumbaa;The Lion King II: Simba's Pride;The Lion King 1½|1
The Little Mermaid|||The Little Mermaid (1989);The Little Mermaid (1992);The Little Mermaid II: Return to the Sea;The Little Mermaid: Ariel's Beginning|1
Logan's Run|||Logan's Run (1976);Logan's Run (1977)
The Lord of the Rings (2001)|||The Lord of the Rings: The Fellowship of the Ring;The Lord of the Rings: The Two Towers;The Lord of the Rings: The Return of the King;The Hobbit: An Unexpected Journey;The Hobbit: There and Back Again
Lord of the Dance|||Lord of the Dance;Feet of Flames;Michael Flatley: Gold
The Lost Boys|||The Lost Boys;Lost Boys: The Tribe;Lost Boys: The Thirst
Mad Max|||Mad Max;Mad Max 2;Mad Max Beyond Thunderdome
The Magnificent Seven|||The Magnificent Seven;Return of the Seven;Guns of the Magnificent Seven;The Magnificent Seven Ride!
Major League||288069|Major League;Major League II;Major League: Back to the Minors
The Mangler|||The Mangler;The Mangler 2;The Mangler Reborn
Marvel Cinematic Universe|||Iron Man;The Incredible Hulk (2008);Iron Man 2;Thor;Captain America: The First Avenger;The Avengers (2012);Iron Man 3;Agents of S.H.I.E.L.D.;Thor: The Dark World;Captain America: The Winter Soldier;Guardians of the Galaxy;Avengers: Age of Ultron;Ant-Man;Nick Fury
MASH|||MASH (1970);M*A*S*H (1972);AfterMASH;W*A*L*T*E*R
Slumber Party Massacre|||The Slumber Party Massacre;Slumber Party Massacre II;Slumber Party Massacre III|n
Sorority House Massacre|||Sorority House Massacre;Sorority House Massacre II|nThe Matrix|The_Matrix_(franchise)|282918|The Matrix;The Matrix Reloaded;The Matrix Revolutions
Men in Black|||Men in Black;Men in Black II;Men in Black III
Merlin|||Merlin;Merlin's Apprentice
The Mighty Ducks||319606|The Mighty Ducks;D2: The Mighty Ducks;D3: The Mighty Ducks
The Mind's Eye|Mind%27s_Eye_(series)||The Mind's Eye;Beyond the Mind's Eye;The Gate to the Mind's Eye;Odyssey Into the Mind's Eye;Ancient Alien;Luminous Visions;Little Bytes
Miss Congeniality|||Miss Congeniality;Miss Congeniality 2: Armed and Fabulous
Monsters, Inc|||Monsters, Inc.;Mike's New Car|1
Mortal Kombat|||Mortal Kombat (1995);Mortal Kombat: Annihilation;Mortal Kombat (tbd)
Mulan|||Mulan;Mulan II
The Mummy (1959)|||The Mummy (1959);The Curse of the Mummy's Tomb;The Mummy's Shroud;Blood from the Mummy's Tomb
The Mummy (1999)|The_Mummy_(franchise)|388977|The Mummy (1999);The Mummy Returns;The Mummy: Tomb of the Dragon Emperor
The Scorpion King|The_Mummy_(franchise)||The Scorpion King;The Scorpion King 2: Rise of a Warrior;The Scorpion King 3: Battle for Redemption;The Scorpion King 4: Quest for Power
The Munsters|||The Munsters;Munster, Go Home!;The Mini-Munsters;The Munsters' Revenge;The Munsters Today;Here Come the Munsters;The Munsters' Scary Little Christmas
My Girl|||My Girl;My Girl 2
Nanny McPhee|||Nanny McPhee;Nanny McPhee and the Big Bang
National Treasure|National_Treasure_(franchise)||National Treasure;National Treasure: Book of Secrets;National Treasure 3
Nature Unleashed|||Nature Unleashed: Avalanche;Nature Unleashed: Earthquake;Nature Unleashed: Fire;Nature Unleashed: Tornado;Nature Unleashed: Volcano
NCIS|||NCIS;NCIS: Los Angeles;NCIS: New Orleans
Nemesis|||Nemesis;Nemesis 2: Nebula;Nemesis 3: Prey Harder;Nemesis 4: Death Angel|n
New Groove|||The Emperor's New Groove;Kronk's New Groove;The Emperor's New School|1
Night at the Museum|||Night at the Museum;Night at the Museum: Battle of the Smithsonian
Night of the Living Dead (1968)|Night_of_the_Living_Dead_(film_series)||Night of the Living Dead (1968);Dawn of the Dead (1978);Day of the Dead (1985);Land of the Dead;Diary of the Dead;Survival of the Dead
Night of the Living Dead (1968 Return)|Return_of_the_Living_Dead_(film_series)|281690|Night of the Living Dead (1968);The Return of the Living Dead;Return of the Living Dead Part II;Return of the Living Dead III;Return of the Living Dead: Necropolis;Return of the Living Dead: Rave to the Grave
Night of the Living Dead (1968 Zombi)|Zombi_(film_series)||Night of the Living Dead (1968);Dawn of the Dead (1978);Zombi 2;Zombi 3
Night of the Living Dead: 30th Anniversary|||Night of the Living Dead: 30th Anniversary Edition;Children of the Living Dead
Night of the Living Dead 3D|||Night of the Living Dead 3D;Night of the Living Dead 3D: Reanimation
Day of the Dead|||Night of the Living Dead (1968);Dawn of the Dead (1978);Day of the Dead (1985);Day of the Dead 2: Contagium
Antropophagus|||Antropophagus;Zombie 6: Monster Hunter
The Omen|The_Omen_(film_series)|306954|The Omen (1976);Damien: Omen II;Omen III: The Final Conflict;Omen IV: The Awakening
Pacific Rim|||Pacific Rim;Pacific Rim 2
Painkiller Jane|||Painkiller Jane (2005);Painkiller Jane (2007)
Percy Jackson & the Olympians|||Percy Jackson & the Olympians: The Lightning Thief;Percy Jackson & the Olympians: The Sea of Monsters
Pet Sematary|||Pet Sematary;Pet Sematary Two
Peter Pan|||Peter Pan;Return to Never Land|1
Phantasm||341451|Phantasm;Phantasm II;Phantasm III: Lord of the Dead;Phantasm IV: Oblivion
Pirates of the Caribbean|Pirates_of_the_Caribbean_(film_series)|320302|Pirates of the Caribbean: The Curse of the Black Pearl;Pirates of the Caribbean: Dead Man's Chest;Pirates of the Caribbean: At World's End;Pirates of the Caribbean: On Stranger Tides
Planet of the Apes (1968)|Planet_of_the_Apes|184433|Planet of the Apes (1968);Beneath the Planet of the Apes;Escape from the Planet of the Apes;Conquest of the Planet of the Apes;Battle for the Planet of the Apes;Planet of the Apes (1974);Return to the Planet of the Apes
Planet of the Apes (2011)|Planet_of_the_Apes||Rise of the Planet of the Apes;Dawn of the Planet of the Apes
Police Academy|Police_Academy_(franchise)|280744|Police Academy;Police Academy 2: Their First Assignment;Police Academy 3: Back in Training;Police Academy 4: Citizens on Patrol;Police Academy 5: Assignment: Miami Beach;Police Academy 6: City Under Siege;Police Academy: Mission to Moscow
Poltergeist|Poltergeist_(film_series)|282867|Poltergeist (1982);Poltergeist II: The Other Side;Poltergeist III|n
The Poseidon Adventure|||The Poseidon Adventure;Beyond the Poseidon Adventure
Primeval|||Primeval;Primeval: New World
The Princess Diaries|||The Princess Diaries;The Princess Diaries 2: Royal Engagement
Project Shadowchaser|||Project Shadowchaser;Project Shadowchaser II;Project Shadowchaser III;Project Shadowchaser IV|n
Prom Night||281689|Prom Night (1980);Hello Mary Lou: Prom Night II;Prom Night III: The Last Kiss;Prom Night IV: Deliver us from Evil|n
The Prophecy|The_Prophecy_(film_series)|282038|The Prophecy (1995);The Prophecy II;The Prophecy 3: The Ascent;The Prophecy: Uprising;The Prophecy: Forsaken
Pumpkinhead|Pumpkinhead_(franchise)||Pumpkinhead;Pumpkinhead II: Blood Wings;Pumpkinhead: Ashes to Ashes;Pumpkinhead: Blood Feud|n
The Punisher|||The Punisher (1989);The Punisher (2004);Punisher: War Zone
Puppet Master|||Puppet Master;Puppet Master II;Puppet Master III: Toulon's Revenge;Puppet Master 4;Puppet Master 5: The Final Chapter;Curse of the Puppet Master;Retro Puppet Master;Puppet Master: The Legacy;Puppet Master vs Demonic Toys
Psycho|||Psycho (1960);Psycho II;Psycho III;Psycho IV: The Beginning;The Psycho Legacy|n
Python|||Python;New Alcatraz;Python 2;Boa vs. Python|n
The Quatermass Experiment|||The Quatermass Experiment (1953);Quatermass II;Quatermass and the Pit (1958);Quatermass
The Quatermass Xperiment|||The Quatermass Xperiment;Quatermass 2;Quatermass and the Pit (1967)
Rambo||282873|First Blood;Rambo: First Blood Part II;Rambo III;Rambo;Rambo V: The Savage Hunt
Re-Animator||319183|Re-Animator;Bride of Re-Animator;Beyond Re-Animator
Remo Williams|||Remo Williams: The Adventure Begins;Remo Williams
The Rescuers|||The Rescuers;The Rescuers Down Under|1
Resident Evil||347795|Biohazard 4D-Executer;Resident Evil;Resident Evil: Apocalypse;Resident Evil: Extinction;Resident Evil: Degeneration;Resident Evil: Afterlife
Ringu|Ring_Trilogy||Ringu;Ringu 2;Ringu 0: Bâsudei|n
The Ring|Ring_Trilogy||The Ring;Rings;The Ring Two|n
Sadako 3D|||Rasen;Sadako 3D;Sadako 3D 2|n
Ripley's Believe It or Not!|Ripley%27s_Believe_It_or_Not!||Ripley's Believe It or Not! (1949);Ripley's Believe It or Not! (1982);Ripley's Believe It or Not! (1999)
Robert Langdon|||The Da Vinci Code;Angels & Demons;The Lost Symbol
RoboCop|RoboCop_(franchise)||RoboCop (1987);RoboCop: The Series;RoboCop 2;RoboCop 3;RoboCop: Prime Directives|1
Rocky||280989|Rocky;Rocky II;Rocky III;Rocky IV;Rocky V;Rocky Balboa
Rocky Horror|||The Rocky Horror Picture Show;Shock Treatment
Romancing the Stone|||Romancing the Stone;The Jewel of the Nile
Rosemary's Baby|||Rosemary's Baby;Look What's Happened to Rosemary's Baby
Rush Hour||290519|Rush Hour;Rush Hour 2;Rush Hour 3
The Santa Clause||323789|The Santa Clause;The Santa Clause 2;The Santa Clause 3: The Escape Clause
Saw|Saw_(franchise)|356901|Saw;Saw II;Saw III;Saw IV;Saw V;Saw VI;Saw 3D
Scanners||390511|Scanners (1981);Scanners II: The New Order;Scanners III: The Takeover
Scanner Cop|||Scanner Cop;Scanner Cop II
Scariest Movie Moments|||The 100 Scariest Movie Moments;30 Even Scarier Movie Moments;13 Scarier Movie Moments
Scream|Scream_(film_series)|286756|Scream;Scream 2;Scream 3;Scream 4|n
Screamers|||Screamers;Screamers: The Hunting|n
The Secret Garden|||The Secret Garden;Back to the Secret Garden
Secret Millionaire|Secret_Millionaire||Secret Millionaire (2006);Secret Millionaire (2008);Secret Millionaire (2009);Secret Millionaire (2011)
Shanghai|||Shanghai Noon;Shanghai Knights
Short Circuit|||Short Circuit;Short Circuit 2
Shrek|Shrek_(film_series)|327153|Shrek;Shrek 2;Shrek the Third;Shrek 4-D;Shrek Forever After|1
Silent Night, Deadly Night||350213|Silent Night, Deadly Night;Silent Night, Deadly Night Part 2;Silent Night, Deadly Night 3: Better Watch Out!;Silent Night, Deadly Night 4: Initiation;Silent Night, Deadly Night 5: The Toy Maker|n
Sin City|||Sin City;Sin City: A Dame to Kill For
Single Santa|||Single Santa Seeks Mrs. Claus;Meet the Santas
Sister Act|||Sister Act;Sister Act 2: Back in the Habit
Smokey and the Bandit||342261|Smokey and the Bandit;Smokey and the Bandit II;Smokey and the Bandit Part 3;Bandit: Bandit Goes Country;Bandit: Bandit Bandit;Bandit: Beauty and the Bandit;Bandit: Bandit's Silver Angel|1
Sometimes They Come Back|||Sometimes They Come Back;Sometimes They Come Back... Again;Sometimes They Come Back... for More|n
A Space Odyssey|||2001: A Space Odyssey;2010
Species||304927|Species;Species II;Species III;Species: The Awakening
Speed|||Speed;Speed 2: Cruise Control|1
Spider-Man||325280|Spider-Man;Spider-Man 2;Spider-Man 3
The Amazing Spider-Man|||The Amazing Spider-Man (2012);The Amazing Spider-Man 2|n
Star Trek|Star_Trek|289034|Star Trek (1966);Star Trek (1973);Star Trek: Phase II;Star Trek: The Motion Picture;Star Trek: The Wrath of Khan;Star Trek III: The Search for Spock;Star Trek IV: The Voyage Home;Star Trek: The Next Generation;Star Trek V: The Final Frontier;Star Trek VI: The Undiscovered Country;Star Trek: Deep Space Nine;Star Trek: Generations;Star Trek: Voyager;Star Trek: First Contact;Star Trek: Insurrection;Enterprise;Star Trek: Nemesis;Star Trek: New Voyages;Star Trek (2009)
Star Trek documentaries|||Leonard Nimoy: Star Trek Memories;Star Trek 25th Anniversary Special;The Twenty-Five Year Mission Tour;From Here to Infinity: The Ultimate Voyage;William Shatner's Star Trek Memories;Star Trek: 30 Years and Beyond;Ultimate Trek: Star Trek's Greatest Moments;Mind Meld: Secrets Behind the Voyage of a Lifetime;How William Shatner Changed the World;Star Trek: Beyond the Final Frontier
Star Wars|Star_Wars|72309|Star Wars;The Star Wars Holiday Special;Star Wars: Episode V - The Empire Strikes Back;Star Wars: Episode VI - Return of the Jedi;Caravan of Courage: An Ewok Adventure;Ewoks: The Battle for Endor;Star Wars: Episode I - The Phantom Menace;Star Wars: Episode II - Attack of the Clones;Star Wars: Episode III - Revenge of the Sith;The Clone Wars|3
Stargate|||Stargate;Stargate SG-1;Stargate: Atlantis;Stargate: The Ark of Truth;Stargate: Continuum;Stargate Universe
Starman|||Starman (1984);Starman (1986)
Starship Troopers|||Starship Troopers;Starship Troopers 2: Hero of the Federation;Starship Troopers 3: Marauder;Starship Troopers: Invasion
The Stepfather|||The Stepfather (1987);Stepfather II;Stepfather III|n
Superman (1978)||281438|Superman;Superman II;Superman III;Supergirl;Superman IV: The Quest for Peace|2
Man of Steel|||Man of Steel;Batman v Superman: Dawn of Justice|n
Teen Wolf|||Teen Wolf;Teen Wolf Too|1
Terminator|||The Terminator;Terminator 2: Judgment Day;Terminator 3: Rise of the Machines;Terminator: The Sarah Connor Chronicles;Terminator: Salvation;Terminator 5
Terms of Endearment|||Terms of Endearment;The Evening Star
The Texas Chainsaw Massacre (1974)|The_Texas_Chainsaw_Massacre_(franchise)|282087|The Texas Chain Saw Massacre (1974);The Texas Chainsaw Massacre 2;Leatherface: Texas Chainsaw Massacre III;Texas Chainsaw Massacre: The Next Generation|n
The Texas Chainsaw Massacre (2003)|The_Texas_Chainsaw_Massacre_(franchise)||The Texas Chainsaw Massacre (2003);The Texas Chainsaw Massacre: The Beginning|n
The Texas Chainsaw Massacre 3D|The_Texas_Chainsaw_Massacre_(franchise)||The Texas Chain Saw Massacre (1974);Texas Chainsaw 3D|n
Three Mothers|The_Three_Mothers||Suspiria (1977);Inferno;Mother of Tears|n
The Tomorrow People|The_Tomorrow_People||The Tomorrow People (1973);The Tomorrow People (1992)
The Tonight Show|||The Tonight Show with Jay Leno;The Tonight Show with Conan O'Brien;The Tonight Show with Jimmy Fallon
Toy Story|||Toy Story;Toy Story 2;Buzz Lightyear of Star Command;Buzz Lightyear of Star Command: The Adventure Begins;Toy Story 3|1
Trancers|||Trancers;Pulse Pounders;Trancers II;Trancers III;Trancers 4: Jack of Swords;Trancers 5: Sudden Deth;Trancers 6|n
Transformers|||Transformers;Transformers: Revenge of the Fallen;Transformers: Dark of the Moon
Tremors|||Tremors (1990);Tremors II: Aftershocks;Tremors 3: Back to Perfection;Tremors (2003);Tremors 4: The Legend Begins
TRON|||TRON;TRON: Legacy
Turbulence|||Turbulence;Turbulence 2: Fear of Flying;Turbulence 3: Heavy Metal|n
The Twilight Zone|The_Twilight_Zone||Twilight Zone (1959);Twilight Zone: The Movie;Twilight Zone (1985);Rod Serling's Lost Classics;Twilight Zone (2002)|n
UFOs|||UFO Files;UFO Hunters|n
U.N.C.L.E.|||The Man from U.N.C.L.E. (1964);The Girl from U.N.C.L.E.;The Return of the Man from U.N.C.L.E.: The Fifteen Years Later Affair
Ultraviolet|||Ultraviolet;Ultraviolet: Code 044
Underworld|Underworld_(film_series)|479335|Underworld;Underworld: Evolution;Underworld: Rise of the Lycans
Dr. Jekyll and Mr. Hyde|||Dr. Jekyll and Mr. Hyde (1913);Abbott and Costello Meet Dr. Jekyll and Mr. Hyde|n
Dracula (1931)|||Dracula (1931);Dracula's Daughter;Son of Dracula;House of Frankenstein;House of Dracula;Abbott and Costello Meet Frankenstein|n
Frankenstein (1931)|||Frankenstein;Bride of Frankenstein;Son of Frankenstein;The Ghost of Frankenstein;Frankenstein Meets the Wolf Man;House of Frankenstein;House of Dracula;Abbott and Costello Meet Frankenstein|n
The Invisible Man|||The Invisible Man (1933);The Invisible Man Returns;The Invisible Woman;Invisible Agent;The Invisible Man's Revenge;Abbott and Costello Meet the Invisible Man|n
The Mummy (1932)|The_Mummy_(franchise)||The Mummy (1932);The Mummy's Hand;The Mummy's Tomb;The Mummy's Ghost;The Mummy's Curse;Abbott and Costello Meet the Mummy|n
The Wolf Man|||The Werewolf;Werewolf of London;The Wolf Man;She-Wolf of London;Frankenstein Meets the Wolf Man;House of Frankenstein;House of Dracula;Abbott and Costello Meet Frankenstein|n
Universal Monsters|Universal_Monsters||The Mummy (1911);Dr. Jekyll and Mr. Hyde (1913);The Werewolf;Dracula (1931);Frankenstein;The Mummy (1932);The Invisible Man (1933);Bride of Frankenstein;Werewolf of London;Dracula's Daughter;Son of Frankenstein;The Invisible Man Returns;The Mummy's Hand;The Invisible Woman;The Wolf Man;The Ghost of Frankenstein;Invisible Agent;The Mummy's Tomb;Frankenstein Meets the Wolf Man;Son of Dracula;The Invisible Man's Revenge;The Mummy's Ghost;House of Frankenstein;The Mummy's Curse;House of Dracula;She-Wolf of London;Abbott and Costello Meet Frankenstein;Abbott and Costello Meet the Invisible Man;Abbott and Costello Meet Dr. Jekyll and Mr. Hyde;Abbott and Costello Meet the Mummy|n
Urban Legend|||Urban Legend;Urban Legends: Final Cut;Urban Legends: Bloody Mary|n
V|||V (1983);V: The Final Battle;V (1984)
Vampires||333937|Vampires;Vampires: Los Muertos;Vampires: The Turning|1
View Askewniverse|||Clerks;Mallrats;Chasing Amy;Dogma;Jay and Silent Bob Strike Back;Clerks II
Waldemar Daninsky|||La Marca del Hombre-lobo;Las Noches del Hombre Lobo;Los Monstruos del terror;La Furia del Hombre Lobo;La Noche de Walpurgis;Dr. Jekyll y el Hombre Lobo;El Retorno de Walpurgis;La Maldición de la bestia;El Retorno del Hombre-Lobo;La Bestia y la espada mágica;Licántropo;Tomb of the Werewolf|nWanted|||Wanted;Wanted 2
The War of the Worlds|||The War of the Worlds;War of the Worlds (1988)
Warlock|||Warlock;Warlock: The Armageddon;Warlock III: The End of Innocence|n
WarGames|||WarGames;Wargames: The Dead Code|1
Weird Science|||Weird Science (1985);Weird Science (1994)
The Whole Yards|||The Whole Nine Yards;The Whole Ten Yards
Wishmaster||281378|Wishmaster;Wishmaster 2: Evil Never Dies;Wishmaster 3: Beyond the Gates of Hell;Wishmaster 4: The Prophecy Fulfilled|n
The Wild Wild West|||The Wild Wild West;The Wild Wild West Revisited;More Wild Wild West
Witch Mountain|||Escape to Witch Mountain (1975);Return from Witch Mountain;Beyond Witch Mountain
The X-Files|||The X-Files (1993);Millennium;The X-Files (1998);The Lone Gunmen;The X-Files: I Want to Believe
X-Men|X-Men_(film_series)|291113|X-Men;X2;X-Men: The Last Stand;X-Men Origins: Wolverine;X-Men: First Class;The Wolverine
xXx|||xXx;xXx: State of the Union
Zorro (1998)|||The Mask of Zorro;The Legend of Zorro
